processus_total,erreur,nb_worker,temps(ms)
120000000,2.4643633022089463E-5,1,4126
120000000,6.089512818204023E-7,2,2096
120000000,8.324219773517623E-5,3,1554
120000000,5.348022337707247E-5,4,1315
120000000,6.100523235372667E-5,4,1236
120000000,3.0638469211873986E-5,6,875
120000000,3.149562057129237E-5,6,877